Region,Field ID
PUNJAB,1471
GHAZIABAD (UP),2004
ANDHRA PRADESH,2347
PUNJAB,2788
ANDHRA PRADESH,2801
RAJASTHAN,2817
GHAZIABAD (UP),2986
KARNATAKA,2990
KARNATAKA,3296
ANDHRA PRADESH,4064
TAMIL NADU,4219
KARNATAKA,4624
PUNJAB,6103
ANDHRA PRADESH,6358
WEST BENGAL,6368
ANDHRA PRADESH,6412
RAJASTHAN,6438
WEST BENGAL,7599
HARIYANA,13730
RAJASTHAN,13932
NAGPUR,14514
KARNATAKA,15258
KARNATAKA,15261
WEST BENGAL,15894
RAJASTHAN,16096
WEST BENGAL,17740
WEST BENGAL,18397
BIHAR,18623
CHATTISGARH,18804
WEST BENGAL,19471
WEST BENGAL,19472
KARNATAKA,19492
WEST BENGAL,19494
NAGPUR,19530
WEST BENGAL,19585
WEST BENGAL,19603
NAGPUR,19631
NAGPUR,19760
RAJASTHAN,19767
RAJASTHAN,20093
WEST BENGAL,20303
WEST BENGAL,20625
WEST BENGAL,21368
WEST BENGAL,22514
KARNATAKA,22685
RAJASTHAN,22964
WEST BENGAL,23411
WEST BENGAL,23885
WEST BENGAL,24170
ANDHRA PRADESH,24979
MADHYA PRADESH,25078
JHARKHAND,25093
ANDHRA PRADESH,25199
NAGPUR,25304
BIHAR,25529
KERALA,25585
BIHAR,25762
LUCKNOW (UP),25884
KERALA,25925
WEST BENGAL,25938
WEST BENGAL,25940
KARNATAKA,25977
NAGPUR,25980
WEST BENGAL,25995
WEST BENGAL,25996
WEST BENGAL,25998
TAMIL NADU,26058
MUMBAI,26080
POONA (PUNE),26169
NAGPUR,26172
PUNJAB,26218
PUNJAB,26219
ASSAM / N.EAST,26234
ANDHRA PRADESH,26258
TAMIL NADU,26279
HARIYANA,26304
RAJASTHAN,26321
WEST BENGAL,26587
MADHYA PRADESH,26696
NAGPUR,26805
RAJASTHAN,26827
GHAZIABAD (UP),26881
ANDHRA PRADESH,27270
MADHYA PRADESH,27803
ANDHRA PRADESH,27939
ODISHA,28062
WEST BENGAL,28086
CHATTISGARH,28429
JHARKHAND,28486
PUNJAB,28958
GHAZIABAD (UP),29135
PUNJAB,29709
RAJASTHAN,29732
KARNATAKA,29753
WEST BENGAL,29870
WEST BENGAL,30311
WEST BENGAL,30476
CHATTISGARH,31114
KERALA,31123
GHAZIABAD (UP),31182
ODISHA,31290
TAMIL NADU,31312
KERALA,31408
PUNJAB,31887
NAGPUR,32037
KARNATAKA,32102
GHAZIABAD (UP),32359
GHAZIABAD (UP),32555
GHAZIABAD (UP),32668
ODISHA,32707
POONA (PUNE),32837
WEST BENGAL,32886
KARNATAKA,32975
RAJASTHAN,33083
ANDHRA PRADESH,33212
KERALA,33216
WEST BENGAL,33813
LUCKNOW (UP),33850
KERALA,33931
POONA (PUNE),34027
HARIYANA,34142
KERALA,34396
WEST BENGAL,34405
GUJARAT,34845
MADHYA PRADESH,34995
KARNATAKA,35200
GHAZIABAD (UP),35385
KARNATAKA,35446
LUCKNOW (UP),35818
MUMBAI,36066
GHAZIABAD (UP),36268
NEPAL,36772
GUJARAT,36836
MADHYA PRADESH,37668
LUCKNOW (UP),37871
ANDHRA PRADESH,37912
HARIYANA,38018
POONA (PUNE),38172
KARNATAKA,38632
GUJARAT,38717
MUMBAI,38725
TAMIL NADU,39084
CHATTISGARH,39319
JHARKHAND,39734
POONA (PUNE),39984
TAMIL NADU,40037
TAMIL NADU,40637
POONA (PUNE),40993
GHAZIABAD (UP),41417
ASSAM / N.EAST,41443
BIHAR,41458
DELHI,41641
MUMBAI,41807
LUCKNOW (UP),41859
RAJASTHAN,42099
WEST BENGAL,42679
NAGPUR,42755
MADHYA PRADESH,42862
MADHYA PRADESH,43112
WEST BENGAL,43204
WEST BENGAL,43973
GHAZIABAD (UP),45018
KARNATAKA,45711
NEPAL,46094
JHARKHAND,46260
BIHAR,46379
NEPAL,46689
WEST BENGAL,46704
GHAZIABAD (UP),46775
LUCKNOW (UP),47205
MADHYA PRADESH,47483
KARNATAKA,47553
GHAZIABAD (UP),47615
KARNATAKA,47720
RAJASTHAN,47735
WEST BENGAL,47871
GHAZIABAD (UP),47904
NEPAL,48324
GHAZIABAD (UP),48608
MADHYA PRADESH,48738
LUCKNOW (UP),48891
ASSAM / N.EAST,49123
MADHYA PRADESH,49169
POONA (PUNE),49609
ASSAM / N.EAST,49739
PUNJAB,49751
ANDHRA PRADESH,49763
BIHAR,49922
ANDHRA PRADESH,49978
DELHI,50237
GUJARAT,50408
HARIYANA,50532
MADHYA PRADESH,50615
WEST BENGAL,51065
LUCKNOW (UP),51160
GHAZIABAD (UP),51317
KERALA,51467
KARNATAKA,51476
BIHAR,51614
LUCKNOW (UP),51772
POONA (PUNE),51815
GHAZIABAD (UP),51863
WEST BENGAL,51924
POONA (PUNE),51973
NEPAL,51985
MADHYA PRADESH,52008
LUCKNOW (UP),52153
WEST BENGAL,52168
GHAZIABAD (UP),52266
NAGPUR,52380
NEPAL,52429
NEPAL,52430
NEPAL,52432
NAGPUR,52444
ODISHA,52717
MUMBAI,53023
DELHI,53063
ANDHRA PRADESH,53137
ASSAM / N.EAST,53379
JHARKHAND,53447
WEST BENGAL,53684
GUJARAT,53739
WEST BENGAL,53747
ASSAM / N.EAST,53815
MUMBAI,53827
DELHI,53877
WEST BENGAL,54128
WEST BENGAL,54146
WEST BENGAL,54317
WEST BENGAL,54329
WEST BENGAL,54810
PUNJAB,54877
JHARKHAND,54964
ASSAM / N.EAST,54988
HARIYANA,55024
KARNATAKA,55164
WEST BENGAL,55239
NAGPUR,55273
KARNATAKA,55384
DELHI,55400
NAGPUR,55464
ANDHRA PRADESH,56258
ANDHRA PRADESH,56296
DELHI,56356
KARNATAKA,56361
ODISHA,56519
KARNATAKA,56546
ANDHRA PRADESH,56651
LUCKNOW (UP),56676
BIHAR,56836
BIHAR,56880
ASSAM / N.EAST,56894
DELHI,57022
POONA (PUNE),57357
TAMIL NADU,57374
DELHI,57420
LUCKNOW (UP),57542
TAMIL NADU,57545
BIHAR,57601
WEST BENGAL,57852
LUCKNOW (UP),57871
GUJARAT,58012
LUCKNOW (UP),58115
LUCKNOW (UP),58249
ODISHA,58351
GHAZIABAD (UP),58473
LUCKNOW (UP),58474
GHAZIABAD (UP),58766
WEST BENGAL,58771
POONA (PUNE),59020
BIHAR,59035
LUCKNOW (UP),59176
WEST BENGAL,59273
LUCKNOW (UP),59418
LUCKNOW (UP),59627
WEST BENGAL,59707
JHARKHAND,59723
NAGPUR,59906
LUCKNOW (UP),59907
GHAZIABAD (UP),60042
BIHAR,60170
LUCKNOW (UP),60253
CHATTISGARH,60267
NAGPUR,60284
MADHYA PRADESH,60286
MADHYA PRADESH,60286
MUMBAI,60445
LUCKNOW (UP),60495
TAMIL NADU,60564
BIHAR,60944
LUCKNOW (UP),61252
LUCKNOW (UP),61426
GHAZIABAD (UP),61846
LUCKNOW (UP),61847
GHAZIABAD (UP),61850
LUCKNOW (UP),61861
LUCKNOW (UP),62070
JHARKHAND,62168
BIHAR,62211
RAJASTHAN,62212
GHAZIABAD (UP),62248
LUCKNOW (UP),62265
BIHAR,62268
POONA (PUNE),62368
WEST BENGAL,62952
LUCKNOW (UP),63004
DELHI,63145
KARNATAKA,63200
MADHYA PRADESH,63372
BIHAR,63582
CHATTISGARH,63848
CHATTISGARH,63903
LUCKNOW (UP),63932
KARNATAKA,64034
GHAZIABAD (UP),64052
MUMBAI,64067
CHATTISGARH,64080
LUCKNOW (UP),64301
ASSAM / N.EAST,64448
LUCKNOW (UP),64494
GHAZIABAD (UP),64507
BIHAR,64510
ODISHA,64630
BIHAR,64741
ANDHRA PRADESH,64913
ASSAM / N.EAST,64921
MUMBAI,65000
KARNATAKA,65065
JHARKHAND,65416
POONA (PUNE),65574
HARIYANA,65656
ODISHA,65661
BIHAR,65816
LUCKNOW (UP),65880
LUCKNOW (UP),65890
GHAZIABAD (UP),66075
PUNJAB,66302
TAMIL NADU,66366
JHARKHAND,66834
ANDHRA PRADESH,67113
GHAZIABAD (UP),67290
LUCKNOW (UP),67524
LUCKNOW (UP),67812
WEST BENGAL,67820
NEPAL,67991
LUCKNOW (UP),68139
GHAZIABAD (UP),68204
WEST BENGAL,68236
BIHAR,68253
NAGPUR,68370
KARNATAKA,68373
GHAZIABAD (UP),68388
NAGPUR,68404
POONA (PUNE),68517
KERALA,68557
MUMBAI,68664
KARNATAKA,68713
MUMBAI,68726
RAJASTHAN,68796
RAJASTHAN,68886
ANDHRA PRADESH,68925
POONA (PUNE),68990
DELHI,69124
MADHYA PRADESH,69138
POONA (PUNE),69301
KARNATAKA,69525
GUJARAT,69565
TAMIL NADU,69609
GHAZIABAD (UP),69629
MUMBAI,69704
ANDHRA PRADESH,69705
NEPAL,69707
LUCKNOW (UP),69776
PUNJAB,70219
LUCKNOW (UP),70240
JHARKHAND,70271
HARIYANA,70281
GUJARAT,70382
POONA (PUNE),70402
GUJARAT,70425
PUNJAB,70451
LUCKNOW (UP),70541
TAMIL NADU,70596
KERALA,70634
PUNJAB,70693
JHARKHAND,70702
ASSAM / N.EAST,70832
POONA (PUNE),70953
BIHAR,71005
BIHAR,71077
MADHYA PRADESH,71091
ASSAM / N.EAST,71154
BIHAR,71178
DELHI,71183
LUCKNOW (UP),71234
BIHAR,71270
LUCKNOW (UP),71271
LUCKNOW (UP),71309
RAJASTHAN,71370
PUNJAB,71463
POONA (PUNE),71480
POONA (PUNE),71549
NAGPUR,71550
GHAZIABAD (UP),71720
WEST BENGAL,72095
LUCKNOW (UP),72096
WEST BENGAL,72097
LUCKNOW (UP),72099
GUJARAT,72106
BIHAR,72107
POONA (PUNE),72109
ASSAM / N.EAST,72127
ASSAM / N.EAST,72131
MADHYA PRADESH,72138
WEST BENGAL,72140
GUJARAT,72157
MADHYA PRADESH,72162
ODISHA,72193
LUCKNOW (UP),72217
LUCKNOW (UP),72217
WEST BENGAL,72218
LUCKNOW (UP),72223
BIHAR,72238
JHARKHAND,72248
HARIYANA,72252
HARIYANA,72255
JHARKHAND,72275
JHARKHAND,72292
ODISHA,72305
NAGPUR,72345
BIHAR,72347
ASSAM / N.EAST,72348
LUCKNOW (UP),72364
WEST BENGAL,72369
ANDHRA PRADESH,72381
RAJASTHAN,72382
DELHI,72433
ANDHRA PRADESH,72441
BIHAR,72469
KARNATAKA,72521
NAGPUR,72531
PUNJAB,72534
BIHAR,72547
ASSAM / N.EAST,72552
RAJASTHAN,72555
BIHAR,72579
GHAZIABAD (UP),72597
KERALA,72605
MADHYA PRADESH,72607
LUCKNOW (UP),72618
BIHAR,72639
MADHYA PRADESH,72645
ODISHA,72654
ANDHRA PRADESH,72679
ODISHA,72687
LUCKNOW (UP),72728
JHARKHAND,72771
RAJASTHAN,72785
GHAZIABAD (UP),72802
BIHAR,72816
TAMIL NADU,72817
NAGPUR,72846
DELHI,72851
POONA (PUNE),72858
LUCKNOW (UP),72861
LUCKNOW (UP),72867
GOA,72868
GUJARAT,72902
ASSAM / N.EAST,72922
BIHAR,72930
ODISHA,72937
LUCKNOW (UP),72941
BIHAR,72943
MUMBAI,72947
JHARKHAND,72966
BIHAR,73036
KARNATAKA,73040
MADHYA PRADESH,73050
LUCKNOW (UP),73070
LUCKNOW (UP),73142
ODISHA,73159
GHAZIABAD (UP),73188
BIHAR,73193
LUCKNOW (UP),73199
TAMIL NADU,73271
PUNJAB,73300
MADHYA PRADESH,73313
BIHAR,73314
ASSAM / N.EAST,73326
CHATTISGARH,73414
ASSAM / N.EAST,73448
GHAZIABAD (UP),73587
LUCKNOW (UP),73682
ASSAM / N.EAST,73754
BIHAR,73840
NAGPUR,73848
NAGPUR,73851
NAGPUR,73912
MUMBAI,74003
GOA,74019
ODISHA,74065
HARIYANA,74153
ASSAM / N.EAST,74174
MUMBAI,74187
WEST BENGAL,74192
GHAZIABAD (UP),74227
CHATTISGARH,74333
TAMIL NADU,74339
ASSAM / N.EAST,74371
BIHAR,74376
JHARKHAND,74400
DELHI,74547
MADHYA PRADESH,74548
JHARKHAND,74550
BIHAR,74552
GUJARAT,74556
MADHYA PRADESH,74561
MADHYA PRADESH,74564
NEPAL,74618
KARNATAKA,74727
ODISHA,74759
WEST BENGAL,74764
BIHAR,74767
CHATTISGARH,74774
BIHAR,74822
MUMBAI,74838
JHARKHAND,74844
MUMBAI,74856
KARNATAKA,74876
PUNJAB,74996
RAJASTHAN,75065
BIHAR,75100
BIHAR,75135
MADHYA PRADESH,75136
BIHAR,75139
TAMIL NADU,75149
RAJASTHAN,75175
BIHAR,75198
TAMIL NADU,75260
KERALA,75291
GHAZIABAD (UP),75293
NAGPUR,75294
MUMBAI,75313
ANDHRA PRADESH,75315
NAGPUR,75332
ANDHRA PRADESH,75335
TAMIL NADU,75339
ANDHRA PRADESH,75384
KARNATAKA,75387
LUCKNOW (UP),75391
GHAZIABAD (UP),75398
BIHAR,75405
GHAZIABAD (UP),75447
KERALA,75455
BIHAR,75457
KARNATAKA,75458
WEST BENGAL,75465
ASSAM / N.EAST,75518
TAMIL NADU,75534
POONA (PUNE),75538
TAMIL NADU,75542
KARNATAKA,75594
MADHYA PRADESH,75596
NAGPUR,75606
ANDHRA PRADESH,75607
TAMIL NADU,75651
TAMIL NADU,75662
ANDHRA PRADESH,75695
KERALA,75786
ODISHA,75794
JHARKHAND,75817
DELHI,75834
BIHAR,75853
BIHAR,75875
MADHYA PRADESH,75896
MUMBAI,75897
POONA (PUNE),75928
KARNATAKA,75995
ANDHRA PRADESH,75996
ANDHRA PRADESH,75998
POONA (PUNE),75999
MADHYA PRADESH,76008
LUCKNOW (UP),76022
GUJARAT,76026
ANDHRA PRADESH,76029
BIHAR,76030
ANDHRA PRADESH,76034
POONA (PUNE),76036
ANDHRA PRADESH,76039
BIHAR,76043
NAGPUR,76044
GUJARAT,76045
TAMIL NADU,76149
MADHYA PRADESH,76151
GHAZIABAD (UP),76152
TAMIL NADU,76153
BIHAR,76155
BIHAR,76189
ANDHRA PRADESH,76191
TAMIL NADU,76192
ANDHRA PRADESH,76194
BIHAR,76200
WEST BENGAL,76264
NAGPUR,76326
MUMBAI,76356
GUJARAT,76364
BIHAR,76389
TAMIL NADU,76482
POONA (PUNE),76486
TAMIL NADU,76495
KARNATAKA,76508
RAJASTHAN,76509
MADHYA PRADESH,76511
GHAZIABAD (UP),76512
KARNATAKA,76523
MUMBAI,76674
KERALA,76723
TAMIL NADU,76725
ANDHRA PRADESH,76806
KARNATAKA,76823
LUCKNOW (UP),76827
DELHI,76830
GUJARAT,76832
GUJARAT,76845
TAMIL NADU,76849
WEST BENGAL,76865
WEST BENGAL,76865
DELHI,76866
KARNATAKA,76871
LUCKNOW (UP),77020
BIHAR,77023
ODISHA,77025
MADHYA PRADESH,77039
MADHYA PRADESH,77053
MUMBAI,77084
WEST BENGAL,77085
ODISHA,77086
ASSAM / N.EAST,77087
ASSAM / N.EAST,77088
TAMIL NADU,77089
ASSAM / N.EAST,77090
ASSAM / N.EAST,77091
RAJASTHAN,77092
LUCKNOW (UP),77093
GUJARAT,77094
NAGPUR,77095
ASSAM / N.EAST,77240
CHATTISGARH,77241
NAGPUR,77496
GHAZIABAD (UP),77507
GHAZIABAD (UP),77619
ASSAM / N.EAST,77646
ANDHRA PRADESH,77648
WEST BENGAL,77659
BIHAR,77665
DELHI,77670
BIHAR,77675
GHAZIABAD (UP),77686
BIHAR,77893
MADHYA PRADESH,77895
LUCKNOW (UP),77902
LUCKNOW (UP),77905
ANDHRA PRADESH,77937
KARNATAKA,77945
LUCKNOW (UP),77975
LUCKNOW (UP),77988
LUCKNOW (UP),77995
RAJASTHAN,78013
ANDHRA PRADESH,78019
BIHAR,78021
GHAZIABAD (UP),78027
DELHI,78032
NAGPUR,78034
TAMIL NADU,78038
LUCKNOW (UP),78061
NAGPUR,78062
BIHAR,78089
ODISHA,78099
ANDHRA PRADESH,78122
KARNATAKA,78156
TAMIL NADU,78237
PUNJAB,78273
GHAZIABAD (UP),78274
ASSAM / N.EAST,78283
DELHI,78302
TAMIL NADU,78311
LUCKNOW (UP),78312
BIHAR,78333
LUCKNOW (UP),78354
ASSAM / N.EAST,78355
GHAZIABAD (UP),78384
MUMBAI,78396
RAJASTHAN,78403
ANDHRA PRADESH,78410
POONA (PUNE),78451
KERALA,78554
PUNJAB,78556
ANDHRA PRADESH,78560
LUCKNOW (UP),78562